step,time,voltage,recovery,target_voltage,target_recovery,control_current,action,reward,distance,inside_success_region
0,0.0,-0.5696410213352003,-0.704132944589727,-1.199739933013916,-0.624674916267395,0.0,2,0.0,0.9853331673390657,False
1,0.2,-0.5287624548523273,-0.6927839433412303,-1.199739933013916,-0.624674916267395,0.0,2,-1.3603282939546002,1.0433098704122927,False
2,0.4,-0.4840437034350352,-0.680899906572209,-1.199739933013916,-0.624674916267395,0.0,2,-1.6781145327933542,1.1081375029574951,False
3,0.6000000000000001,-0.4345524823628021,-0.6684194352415894,-1.199739933013916,-0.624674916267395,0.0,2,-2.0554338751875405,1.1812182778105305,False
4,0.8,-0.379121309690511,-0.6552652933894735,-1.199739933013916,-0.624674916267395,0.0,2,-2.5097740186993356,1.2643190148732124,False
5,1.0,-0.4904693923191461,-0.6426897390647994,-1.199739933013916,-0.624674916267395,-0.800000011920929,0,-1.6606303418817363,1.0919195558646482,False
6,1.2000000000000002,-0.45027993439488706,-0.6308696180935247,-1.199739933013916,-0.624674916267395,0.0,2,-1.9249104909803711,1.1530975566395776,False
7,1.4000000000000001,-0.5786585161886476,-0.6198706108375746,-1.199739933013916,-0.624674916267395,-0.800000011920929,0,-1.0486778416252496,0.9555695147619188,False
8,1.6,-0.5570487018211883,-0.6098868296428807,-1.199739933013916,-0.624674916267395,0.0,2,-1.1515593675433466,0.9893016993165393,False
9,1.8,-0.5344073422852134,-0.5996785289082197,-1.199739933013916,-0.624674916267395,0.0,2,-1.3071738430242457,1.0250947039920106,False
10,2.0,-0.5105082519150536,-0.5892304171424025,-1.199739933013916,-0.624674916267395,0.0,2,-1.4779254891944327,1.0632778452946867,False
11,2.2,-0.656666820232996,-0.5798600461919569,-1.199739933013916,-0.624674916267395,-0.800000011920929,0,-0.5826643989864567,0.8414114853548395,False
12,2.4000000000000004,-0.6537839062720558,-0.5717715530717381,-1.199739933013916,-0.624674916267395,0.0,2,-0.5617447174624294,0.8481199304820878,False
13,2.6,-0.6522587347245222,-0.5637507297346884,-1.199739933013916,-0.624674916267395,0.0,2,-0.5735845086860483,0.8530903717749444,False
14,2.8000000000000003,-0.6522389846286928,-0.5558194585166593,-1.199739933013916,-0.624674916267395,0.0,2,-0.57725525222186,0.8560942809559999,False
15,3.0,-0.6538863672454598,-0.5480018036827885,-1.199739933013916,-0.624674916267395,0.0,2,-0.5718091250023719,0.8568853591641878,False
16,3.2,-0.6573757466377614,-0.5403242008314876,-1.199739933013916,-0.624674916267395,0.0,2,-0.5563102488171586,0.855201803000185,False
17,3.4000000000000004,-0.6628933043550027,-0.5328156226863439,-1.199739933013916,-0.624674916267395,0.0,2,-0.5298776389495489,0.8507703205336951,False
18,3.6,-0.6706334233889827,-0.5255077038666177,-1.199739933013916,-0.624674916267395,0.0,2,-0.4917416135060765,0.843312479956695,False
19,3.8000000000000003,-0.6807939147103195,-0.5184348018564087,-1.199739933013916,-0.624674916267395,0.0,2,-0.44131472664137855,0.8325540801165242,False
20,4.0,-0.693569177267818,-0.511633965397081,-1.199739933013916,-0.624674916267395,0.0,2,-0.378276922100302,0.8182383167229178,False
21,4.2,-0.7091408916351489,-0.5051447753893268,-1.199739933013916,-0.624674916267395,0.0,2,-0.3026723358612344,0.800143547558175,False
22,4.4,-0.7276659307260428,-0.49900901801851294,-1.199739933013916,-0.624674916267395,0.0,2,-0.21501183131871204,0.7781063848626713,False
23,4.6000000000000005,-0.7492613697423789,-0.49327014669614205,-1.199739933013916,-0.624674916267395,0.0,2,-0.11637092972136784,0.7520505950869052,False
24,4.800000000000001,-0.7739868372825499,-0.48797249071307436,-1.199739933013916,-0.624674916267395,0.0,2,-0.008467675215423284,0.7220217809806668,False
25,5.0,-0.8018250058652848,-0.48316017704046393,-1.199739933013916,-0.624674916267395,0.0,2,0.10629987880064903,0.6882269655883088,False
26,5.2,-0.8326617730614526,-0.4788757505945953,-1.199739933013916,-0.624674916267395,0.0,2,0.22487970932842966,0.6510769011030787,False
27,5.4,-0.8662685621238445,-0.47515851004564896,-1.199739933013916,-0.624674916267395,0.0,2,0.3436769032062368,0.6112270977073895,False
28,5.6000000000000005,-0.9022899926199793,-0.4720426214399206,-1.199739933013916,-0.624674916267395,0.0,2,0.45876261909894533,0.5696110783912759,False
29,5.800000000000001,-0.9402406340191833,-0.4695551271935412,-1.199739933013916,-0.624674916267395,0.0,2,0.5661766399504213,0.5274559440935609,False
30,6.0,-0.9795142801751632,-0.4677140245837073,-1.199739933013916,-0.624674916267395,0.0,2,0.6622950919079906,0.48626551929415,False
31,6.2,-1.019407852983732,-0.4665266312345995,-1.199739933013916,-0.624674916267395,0.0,2,0.7442095007541356,0.4477500710417201,False
32,6.4,-1.0591596124052463,-0.46598846779259856,-1.199739933013916,-0.624674916267395,0.0,2,0.8100461976703267,0.4136767563378145,False
33,6.6000000000000005,-1.0979982287105476,-0.4660828554879126,-1.199739933013916,-0.624674916267395,0.0,2,0.8591560968596212,0.38562280145779176,False
34,6.800000000000001,-1.1351963414361588,-0.46678134468900323,-1.199739933013916,-0.624674916267395,0.0,2,0.8921287775388343,0.36465469565618003,False
35,7.0,-1.1701205603098281,-0.4680449721046014,-1.199739933013916,-0.624674916267395,0.0,2,0.9106265503082299,0.3510367287124633,False
36,7.2,-1.202270223008173,-0.46982621637163535,-1.199739933013916,-0.624674916267395,0.0,2,0.9170793343195751,0.3441302398423513,False
37,7.4,-1.2312996321228158,-0.4720714180691794,-1.199739933013916,-0.624674916267395,0.0,2,0.9143125190862204,0.3425770703215228,False
38,7.6000000000000005,-1.2570221463605866,-0.47472337750645494,-1.199739933013916,-0.624674916267395,0.0,2,0.905186661150572,0.34468188975157293,False
39,7.800000000000001,-1.279398153590538,-0.4777238513717066,-1.199739933013916,-0.624674916267395,0.0,2,0.8923106432388119,0.348796288152189,False
40,8.0,-1.298511513805749,-0.48101572745787596,-1.199739933013916,-0.624674916267395,0.0,2,0.8778593319336564,0.3535626886555074,False
41,8.200000000000001,-1.3145400273634449,-0.48454474228406186,-1.199739933013916,-0.624674916267395,0.0,2,0.8634961596629402,0.35799894713321795,False
42,8.4,-1.3277250113593015,-0.48826069429951546,-1.199739933013916,-0.624674916267395,0.0,2,0.8503798994106326,0.36147636633172237,False
43,8.6,-1.3383437132687406,-0.4921181767146338,-1.199739933013916,-0.624674916267395,0.0,2,0.8392260904256883,0.3636504361449138,False
44,8.8,-1.346686681955341,-0.4960769001434691,-1.199739933013916,-0.624674916267395,0.0,2,0.8303947769653838,0.3643829471735071,False
45,9.0,-1.3530408094257258,-0.500101696380709,-1.199739933013916,-0.624674916267395,0.0,2,0.8239829495992962,0.3636736841485703,False
46,9.200000000000001,-1.357677768531735,-0.504162296339114,-1.199739933013916,-0.624674916267395,0.0,2,0.8199082380354098,0.361607333154679,False
47,9.4,-1.3608470217937907,-0.5082329647030076,-1.199739933013916,-0.624674916267395,0.0,2,0.8179774542194377,0.35831522981987834,False
48,9.600000000000001,-1.3627723751865386,-0.5122920577046232,-1.199739933013916,-0.624674916267395,0.0,2,0.8179385304025693,0.3539493643254274,False
49,9.8,-1.3636510762782919,-0.5163215532529201,-1.199739933013916,-0.624674916267395,0.0,2,0.8195172663498432,0.34866566390008646,False
50,10.0,-1.3636546002335805,-0.5203065871609309,-1.199739933013916,-0.624674916267395,0.0,2,0.8224415827782686,0.3426139096154488,False
51,10.200000000000001,-1.362930452648049,-0.5242350166319344,-1.199739933013916,-0.624674916267395,0.0,2,0.8264562471685845,0.33593219248766665,False
52,10.4,-1.3616044989756648,-0.5280970226932967,-1.199739933013916,-0.624674916267395,0.0,2,0.8313307650901859,0.32874435248844397,False
53,10.600000000000001,-1.50485385288531,-0.5330813634527599,-1.199739933013916,-0.624674916267395,-0.800000011920929,0,0.4462472304361562,0.5116356645374595,False
54,10.8,-1.4752145418842004,-0.5388528587122299,-1.199739933013916,-0.624674916267395,0.0,2,0.5793918796210787,0.4647417798446646,False
55,11.0,-1.4508191516163507,-0.5441235878006555,-1.199739933013916,-0.624674916267395,0.0,2,0.6493109085149525,0.42573582120294584,False
56,11.200000000000001,-1.284359161366905,-0.5477764919561844,-1.199739933013916,-0.624674916267395,0.800000011920929,4,1.9022737340995466,0.21482444134616258,True
57,11.4,-1.4376936341211026,-0.5513570722155263,-1.199739933013916,-0.624674916267395,-0.800000011920929,0,0.6465817414894822,0.400702124329535,False
58,11.600000000000001,-1.2719709288205083,-0.5547167842572271,-1.199739933013916,-0.624674916267395,0.800000011920929,4,1.9159148912118453,0.19109493049384546,True
59,11.8,-1.4259878544854738,-0.5580163248225343,-1.199739933013916,-0.624674916267395,-0.800000011920929,0,0.6780985098278496,0.3782827981496602,False
60,12.0,-1.2608162848067306,-0.5611110226739393,-1.199739933013916,-0.624674916267395,0.800000011920929,4,1.926609138460519,0.16965140409403556,True
61,12.200000000000001,-1.415358919999807,-0.5641549322934267,-1.199739933013916,-0.624674916267395,-0.800000011920929,0,0.7052527590899902,0.35794750655840984,False
62,12.4,-1.2506150491412713,-0.567007217922786,-1.199739933013916,-0.624674916267395,0.800000011920929,4,1.9350268041776624,0.15016203222010796,True
63,12.600000000000001,-1.405577714348105,-0.5698162305292453,-1.199739933013916,-0.624674916267395,-0.800000011920929,0,0.728976229254178,0.33932833464399353,False
64,12.8,-1.532599851883946,-0.574838727209284,-1.199739933013916,-0.624674916267395,-0.800000011920929,0,0.3744900696562314,0.5239306452169565,False
65,13.0,-1.4894369379770696,-0.5804073853616412,-1.199739933013916,-0.624674916267395,0.0,2,0.5562234677302557,0.456414979484684,False
66,13.200000000000001,-1.4547142411350023,-0.5852899892688855,-1.199739933013916,-0.624674916267395,0.0,2,0.6561144307972854,0.4019134549998467,False
67,13.4,-1.2800647262730545,-0.5884140201692104,-1.199739933013916,-0.624674916267395,0.800000011920929,4,1.9218582404924933,0.1475272059524975,True
68,13.600000000000001,-1.4267053502607292,-0.5913536439605375,-1.199739933013916,-0.624674916267395,-0.800000011920929,0,0.687926962907016,0.3569425308868281,False
69,13.8,-1.2552617441777802,-0.5939846297320952,-1.199739933013916,-0.624674916267395,0.800000011920929,4,1.9406922905339088,0.10930503553390233,True
70,14.0,-1.4046215619832938,-0.5964787331394297,-1.199739933013916,-0.624674916267395,-0.800000011920929,0,0.738676002637417,0.321369986105542,False
71,14.200000000000001,-1.527147915204024,-0.6011093046730164,-1.199739933013916,-0.624674916267395,-0.800000011920929,0,0.39990002660899204,0.5064195119458491,False
72,14.4,-1.4805982098476491,-0.6062291872952165,-1.199739933013916,-0.624674916267395,0.0,2,0.5880806076528002,0.434029599466155,False
73,14.600000000000001,-1.443115635098629,-0.6106201909308006,-1.199739933013916,-0.624674916267395,0.0,2,0.6908915732637708,0.3757245432085671,False
74,14.8,-1.2656281504074625,-0.6132159220852138,-1.199739933013916,-0.624674916267395,0.800000011920929,4,1.9369407310196929,0.1045160381101944,True
75,15.0,-1.4099537826343471,-0.6155898693885781,-1.199739933013916,-0.624674916267395,-0.800000011920929,0,0.7296136236435772,0.3240354705035689,False
76,15.200000000000001,-1.2364341183710161,-0.6176313226646092,-1.199739933013916,-0.624674916267395,0.800000011920929,4,1.9528173314709298,0.05858236775978117,True
77,15.4,-1.3841096749408621,-0.6195093834102873,-1.199739933013916,-0.624674916267395,-0.800000011920929,0,0.7829069496187582,0.28387793490004853,False
78,15.600000000000001,-1.5067337800870666,-0.6235196440125649,-1.199739933013916,-0.624674916267395,-0.800000011920929,0,0.46925103440567156,0.47230520367474194,False
79,15.8,-1.460706239187301,-0.6280348617921276,-1.199739933013916,-0.624674916267395,0.0,2,0.645339653577314,0.4015560474735732,False
80,16.0,-1.2772372526568194,-0.6306378883478249,-1.199739933013916,-0.624674916267395,0.800000011920929,4,1.9286041021404203,0.11996075743127682,True
81,16.2,-1.4166381133208312,-0.6329354332146517,-1.199739933013916,-0.624674916267395,-0.800000011920929,0,0.7147970086944467,0.3341940401216238,False
82,16.400000000000002,-1.2389510556854793,-0.6348279164097238,-1.199739933013916,-0.624674916267395,0.800000011920929,4,1.9516376818998584,0.06440602360648255,True
83,16.6,-1.3831245493374125,-0.6364987275101632,-1.199739933013916,-0.624674916267395,-0.800000011920929,0,0.784402368721189,0.28335105550602313,False
84,16.8,-1.5029309805294317,-0.6402536930483023,-1.199739933013916,-0.624674916267395,-0.800000011920929,0,0.48049930368195876,0.46773072157902784,False
85,17.0,-1.4547517516859267,-0.6444779072936175,-1.199739933013916,-0.624674916267395,0.0,2,0.6600212879100037,0.3947862422328619,False
86,17.2,-1.269207344943116,-0.6467609754077243,-1.199739933013916,-0.624674916267395,0.800000011920929,4,1.9331857821480904,0.11760393237598814,True
87,17.400000000000002,-1.4068813450157145,-0.6487106987403575,-1.199739933013916,-0.624674916267395,-0.800000011920929,0,0.7345789423816825,0.32312427698274904,False
88,17.6,-1.519729541727476,-0.6526324001081878,-1.199739933013916,-0.624674916267395,-0.800000011920929,0,0.42412562885247107,0.4961965133126711,False
89,17.8,-1.4657402648474143,-0.6569175676168317,-1.199739933013916,-0.624674916267395,0.0,2,0.6279718318067252,0.4154563888271358,False
90,18.0,-1.27615020177892,-0.6591827582145797,-1.199739933013916,-0.624674916267395,0.800000011920929,4,1.9254818761832255,0.14035474381545926,True
91,18.2,-1.410518172273807,-0.6610583241633686,-1.199739933013916,-0.624674916267395,-0.800000011920929,0,0.7240857806263764,0.33420175757498444,False
92,18.400000000000002,-1.2284632333998677,-0.6624610838115792,-1.199739933013916,-0.624674916267395,0.800000011920929,4,1.9507684105111787,0.09488712129030505,True
93,18.6,-1.3689533820123676,-0.6635823057674618,-1.199739933013916,-0.624674916267395,-0.800000011920929,0,0.8056712556339001,0.2743106784411544,False
94,18.8,-1.4866894840048963,-0.6667489018791818,-1.199739933013916,-0.624674916267395,-0.800000011920929,0,0.5251278239981934,0.4512532642578699,False
95,19.0,-1.4371876924230573,-0.6703674698397067,-1.199739933013916,-0.624674916267395,0.0,2,0.6991990594002365,0.379153480436387,False
96,19.200000000000003,-1.249563315149313,-0.6720273070337076,-1.199739933013916,-0.624674916267395,0.800000011920929,4,1.939323068898955,0.1301855010355901,True
97,19.400000000000002,-1.3854444577980107,-0.673326572364291,-1.199739933013916,-0.624674916267395,-0.800000011920929,0,0.7722448753792718,0.3054715704492931,False
98,19.6,-1.4982585905967292,-0.6765920692218865,-1.199739933013916,-0.624674916267395,-0.800000011920929,0,0.48666021960287914,0.4735291283923992,False
99,19.8,-1.4446156316981922,-0.6802347551284574,-1.199739933013916,-0.624674916267395,0.0,2,0.6770901082129873,0.39644774149405515,False
100,20.0,-1.2540465772500078,-0.6818622945919594,-1.199739933013916,-0.624674916267395,0.800000011920929,4,1.933338085068955,0.15208710461993968,True
101,20.200000000000003,-1.3874961241585448,-0.6830881857580732,-1.199739933013916,-0.624674916267395,-0.800000011920929,0,0.7646423248324136,0.3166820634226896,False
102,20.400000000000002,-1.2792995880556897,-0.6844464577486188,-1.199739933013916,-0.624674916267395,0.4000000059604645,3,1.9446905569282942,0.18062193327558132,True
103,20.6,-1.4085874723750167,-0.6860091868763024,-1.199739933013916,-0.624674916267395,-0.800000011920929,0,0.7198762852656316,0.3490178342440764,False
104,20.8,-1.2967005007805872,-0.6876340122427388,-1.199739933013916,-0.624674916267395,0.4000000059604645,3,1.9273440261829777,0.2045147351003514,True
105,21.0,-1.1226370075979808,-0.6869666792676086,-1.199739933013916,-0.624674916267395,0.800000011920929,4,1.915631252843649,0.18229776030826036,True
106,21.200000000000003,-0.9580733326196166,-0.6836332201167882,-1.199739933013916,-0.624674916267395,0.800000011920929,4,0.6438749435491351,0.39420449757022435,False
107,21.400000000000002,-1.0349985333732779,-0.679652932523255,-1.199739933013916,-0.624674916267395,-0.4000000059604645,1,0.8382322697947173,0.2813580931774315,False
108,21.6,-1.1114845604964279,-0.6769462925926485,-1.199739933013916,-0.624674916267395,-0.4000000059604645,1,1.9399968608343428,0.17868506397724523,True
109,21.8,-0.949088230370802,-0.6735811736975115,-1.199739933013916,-0.624674916267395,0.800000011920929,4,0.6245892341464252,0.40064037715249523,False
110,22.0,-1.0279959228754578,-0.6696013438026694,-1.199739933013916,-0.624674916267395,-0.4000000059604645,1,0.8294342053151923,0.2824541688250279,False
111,22.200000000000003,-1.1066568541088542,-0.6669283745935308,-1.199739933013916,-0.624674916267395,-0.4000000059604645,1,1.9387116907682838,0.17124299476247049,True
112,22.400000000000002,-0.9463140182450852,-0.6636306585332774,-1.199739933013916,-0.624674916267395,0.800000011920929,4,0.6203297050781856,0.39938100114281977,False
113,22.6,-1.0271886393057348,-0.6597488861681795,-1.199739933013916,-0.624674916267395,-0.4000000059604645,1,0.8307115670459575,0.27666923336643695,False
114,22.8,-1.107797342482539,-0.6572040207063766,-1.199739933013916,-0.624674916267395,-0.4000000059604645,1,1.9423243108035093,0.1588506771576031,True
115,23.0,-0.949370521896881,-0.6540632676621663,-1.199739933013916,-0.624674916267395,0.800000011920929,4,0.630608178116648,0.3906808834588473,False
116,23.200000000000003,-0.9518448982669968,-0.6497276109662378,-1.199739933013916,-0.624674916267395,0.0,2,0.6778439127425298,0.3854190482216648,False
117,23.400000000000002,-0.95523129312031,-0.6454937085163039,-1.199739933013916,-0.624674916267395,0.0,2,0.6871979756709978,0.37900141429477024,False
118,23.6,-0.9595200646077946,-0.6413746970434849,-1.199739933013916,-0.624674916267395,0.0,2,0.6985571743924358,0.3714276041181895,False
119,23.8,-0.9646947680617876,-0.6373833399546283,-1.199739933013916,-0.624674916267395,0.0,2,0.7117690397848145,0.3627090534390905,False
120,24.0,-0.9707312753735171,-0.6335319167752044,-1.199739933013916,-0.624674916267395,0.0,2,0.7266426173466718,0.35287035188538096,False
121,24.200000000000003,-1.057520739741133,-0.6304696974098657,-1.199739933013916,-0.624674916267395,-0.4000000059604645,1,0.8845635496023379,0.21917737456788222,False
122,24.400000000000002,-1.22031590850521,-0.629444483282511,-1.199739933013916,-0.624674916267395,-0.800000011920929,0,1.957716828104692,0.033382639058336994,True
123,24.6,-1.3679518617616189,-0.6309139666764683,-1.199739933013916,-0.624674916267395,-0.800000011920929,0,0.8125292133532502,0.2591587136869203,False
124,24.8,-1.4916971790749232,-0.6345299795023919,-1.199739933013916,-0.624674916267395,-0.800000011920929,0,0.5158160467730888,0.44969857453190004,False
125,25.0,-1.3018502416876805,-0.637487086172337,-1.199739933013916,-0.624674916267395,0.800000011920929,4,1.905140648890976,0.15965202161164355,True
126,25.200000000000003,-1.4361209536703918,-0.6400490405610245,-1.199739933013916,-0.624674916267395,-0.800000011920929,0,0.6682310557157165,0.36526440391620896,False
127,25.400000000000002,-1.544265771585979,-0.6445092784768798,-1.199739933013916,-0.624674916267395,-0.800000011920929,0,0.3405673877910209,0.5318692168948751,False
128,25.6,-1.4862116905075597,-0.649253226766098,-1.199739933013916,-0.624674916267395,0.0,2,0.5705855056672832,0.4440972763349329,False
129,25.8,-1.4399225071980815,-0.6531132954155903,-1.199739933013916,-0.624674916267395,0.0,2,0.6968188556051934,0.37487684128825643,False
130,26.0,-1.2550776957202558,-0.6550583236120407,-1.199739933013916,-0.624674916267395,0.800000011920929,4,1.9408633217956415,0.10865884274150325,True
131,26.200000000000003,-1.3932922175659952,-0.6566808597463731,-1.199739933013916,-0.624674916267395,-0.800000011920929,0,0.76138799441693,0.30614910856046984,False
132,26.400000000000002,-1.5074989050955103,-0.6602951658962353,-1.199739933013916,-0.624674916267395,-0.800000011920929,0,0.4624204389826057,0.4800464445858254,False
133,26.6,-1.4547965207007252,-0.6642995045704785,-1.199739933013916,-0.624674916267395,0.0,2,0.6558304580622581,0.4021532789835892,False
134,26.8,-1.2655938428197686,-0.6663013880200943,-1.199739933013916,-0.624674916267395,0.800000011920929,4,1.9314283733819433,0.13719082465829843,True
135,27.0,-1.4002333415266985,-0.6679197444854527,-1.199739933013916,-0.624674916267395,-0.800000011920929,0,0.7442224219078478,0.3230749160498835,False
136,27.200000000000003,-1.5110502393334626,-0.6714738888166016,-1.199739933013916,-0.624674916267395,-0.800000011920929,0,0.44778762946170664,0.4901000167777582,False
137,27.400000000000002,-1.4556086477178591,-0.6753697049155558,-1.199739933013916,-0.624674916267395,0.0,2,0.6502135592699122,0.40944707355477683,False
138,27.6,-1.264238469229092,-0.6772259521163327,-1.199739933013916,-0.624674916267395,0.800000011920929,4,1.9287918320953275,0.15324452891653992,True
139,27.8,-1.397078799056633,-0.6786688513024107,-1.199739933013916,-0.624674916267395,-0.800000011920929,0,0.7471440825589709,0.3264485660041147,False
140,28.0,-1.2882878618996119,-0.6802301607242839,-1.199739933013916,-0.624674916267395,0.4000000059604645,3,1.9385035146148044,0.1838460297974268,True
141,28.200000000000003,-1.11638227005846,-0.6795414975372265,-1.199739933013916,-0.624674916267395,0.800000011920929,4,1.9134123420811062,0.17695208085853975,True
142,28.400000000000002,-0.9533972630921198,-0.6762161380250484,-1.199739933013916,-0.624674916267395,0.800000011920929,4,0.634825650857582,0.3959178683767548,False
143,28.6,-1.031791030655595,-0.6722673851092571,-1.199739933013916,-0.624674916267395,-0.4000000059604645,1,0.8352944004277462,0.27919014092602895,False
144,28.8,-1.1098179807805535,-0.6696159287092905,-1.199739933013916,-0.624674916267395,-0.4000000059604645,1,1.9409139456079503,0.170622863126978,True
145,29.0,-0.9488998598024883,-0.6663294477302173,-1.199739933013916,-0.624674916267395,0.800000011920929,4,0.6263674888755051,0.3968541658258274,False
146,29.200000000000003,-1.029246742674016,-0.6624503590148871,-1.199739933013916,-0.624674916267395,-0.4000000059604645,1,0.8337075907037472,0.27540273130449716,False
147,29.400000000000002,-1.1092670148730333,-0.6598992238701735,-1.199739933013916,-0.624674916267395,-0.4000000059604645,1,1.9430890460840258,0.15968962556883712,True
148,29.6,-0.9502851178889564,-0.6567430192871317,-1.199739933013916,-0.624674916267395,0.800000011920929,4,0.6324192457106962,0.3903368357214211,False
149,29.8,-1.0325376504338013,-0.6530231910120174,-1.199739933013916,-0.624674916267395,-0.4000000059604645,1,0.8416491925539632,0.2648357834762261,False
150,30.0,-1.1923553951576782,-0.6512872657248022,-1.199739933013916,-0.624674916267395,-0.800000011920929,0,1.9572678914907677,0.06021990544174253,True
151,30.200000000000003,-1.339368678013669,-0.6520263244051269,-1.199739933013916,-0.624674916267395,-0.800000011920929,0,0.855895373046369,0.2232468109639621,False
152,30.400000000000002,-1.4646192842996224,-0.6549290017378554,-1.199739933013916,-0.624674916267395,-0.800000011920929,0,0.59150021355896,0.41301544005996554,False
153,30.6,-1.2755760096227167,-0.6572062628609663,-1.199739933013916,-0.624674916267395,0.800000011920929,4,1.9263951077589008,0.13725236609662753,True
154,30.8,-1.4103908922148263,-0.6591014662047681,-1.199739933013916,-0.624674916267395,-0.800000011920929,0,0.7248440772971811,0.332985863874589,False
155,31.0,-1.228717785734365,-0.6605302054965221,-1.199739933013916,-0.624674916267395,0.800000011920929,4,1.9511834591024106,0.09130248662312208,True
156,31.200000000000003,-1.3695305018331274,-0.6616827099825684,-1.199739933013916,-0.624674916267395,-0.800000011920929,0,0.8051510049046539,0.2738563063796306,False
157,31.400000000000002,-1.4874952219203452,-0.6648845971152465,-1.199739933013916,-0.624674916267395,-0.800000011920929,0,0.5232468942288769,0.45162813474982005,False
158,31.6,-1.4381604870275104,-0.6685410428255995,-1.199739933013916,-0.624674916267395,0.0,2,0.697354012746714,0.37953296365363376,False
159,31.8,-1.2507284069215578,-0.670241016579306,-1.199739933013916,-0.624674916267395,0.800000011920929,4,1.939285224563398,0.1280883031583335,True
160,32.0,-1.3867745416173556,-0.6715830007931325,-1.199739933013916,-0.624674916267395,-0.800000011920929,0,0.770239282720228,0.3060449628430863,False
161,32.2,-1.4996362012932514,-0.674892340002962,-1.199739933013916,-0.624674916267395,-0.800000011920929,0,0.48296767807425406,0.4746827865361398,False
162,32.4,-1.4460070184483873,-0.678578612965498,-1.199739933013916,-0.624674916267395,0.0,2,0.6741584058822893,0.39735753317435785,False
163,32.6,-1.2555317953939564,-0.6802499213894451,-1.199739933013916,-0.624674916267395,0.800000011920929,4,1.9331151148728623,0.15039835641070715,True
164,32.800000000000004,-1.3890672295807638,-0.6815207883334197,-1.199739933013916,-0.624674916267395,-0.800000011920929,0,0.7621819339535845,0.31748640357543245,False
165,33.0,-1.2809318693155791,-0.6829243627222374,-1.199739933013916,-0.624674916267395,0.4000000059604645,3,1.9439452312486751,0.17988391125304024,True
166,33.2,-1.4102493413420243,-0.6845328072789949,-1.199739933013916,-0.624674916267395,-0.800000011920929,0,0.7168658803678383,0.35011336916539587,False
167,33.4,-1.2983776747721343,-0.6862028343921766,-1.199739933013916,-0.624674916267395,0.4000000059604645,3,1.9262516966464183,0.20426187770897558,True
168,33.6,-1.1244361725569036,-0.6855811736721034,-1.199739933013916,-0.624674916267395,0.800000011920929,4,1.9176491095096797,0.17815876859063112,True
169,33.800000000000004,-0.9601133809158872,-0.6822957029122071,-1.199739933013916,-0.624674916267395,0.800000011920929,4,0.6495265992998656,0.39026048517605366,False
170,34.0,-1.0373022192792043,-0.6783670614277706,-1.199739933013916,-0.624674916267395,-0.4000000059604645,1,0.8426399921820659,0.2769266607706859,False
171,34.2,-1.1139650062815984,-0.6757149342198835,-1.199739933013916,-0.624674916267395,-0.4000000059604645,1,1.94268437397493,0.17400697522664008,True
172,34.4,-0.951776622022715,-0.6724063573716779,-1.199739933013916,-0.624674916267395,0.800000011920929,4,0.6319616637094975,0.3959537174476809,False
173,34.6,-1.0309238093545388,-0.6684862485552577,-1.199739933013916,-0.624674916267395,-0.4000000059604645,1,0.8349683698317578,0.2773655703725954,False
174,34.800000000000004,-1.1097152153311498,-0.6658752038125063,-1.199739933013916,-0.624674916267395,-0.4000000059604645,1,1.9419315389511964,0.16602610171030058,True
175,35.0,-0.949541008226418,-0.6626405938484808,-1.199739933013916,-0.624674916267395,0.800000011920929,4,0.6290555043176935,0.3940589933073539,False
176,35.2,-1.030621708370945,-0.6588245157546547,-1.199739933013916,-0.624674916267395,-0.4000000059604645,1,0.8370405599886372,0.27102324838886654,False
177,35.4,-1.111307958386272,-0.6563467834664268,-1.199739933013916,-0.624674916267395,-0.4000000059604645,1,1.9458118273777552,0.15317636317419653,True
178,35.6,-0.9530015397094322,-0.6532734166003348,-1.199739933013916,-0.624674916267395,0.800000011920929,4,0.6401653570209603,0.38488071974206506,False
179,35.800000000000004,-0.9556965125586612,-0.6490073067669038,-1.199739933013916,-0.624674916267395,0.0,2,0.6878330699208881,0.3793251174666394,False
180,36.0,-0.9592887153707432,-0.6448454593497825,-1.199739933013916,-0.624674916267395,0.0,2,0.6975357707943353,0.3726306597547178,False
181,36.2,-0.9637658284887481,-0.6408007229222175,-1.199739933013916,-0.624674916267395,0.0,2,0.7091500572198395,0.364801426153837,False
182,36.4,-0.9691086248325189,-0.6368855329036468,-1.199739933013916,-0.624674916267395,0.0,2,0.7225147477149287,0.3558534494686368,False
183,36.6,-1.055247075699865,-0.6337495628727964,-1.199739933013916,-0.624674916267395,-0.4000000059604645,1,0.8810005223506059,0.22320951409855164,False
184,36.800000000000004,-1.2175489254525065,-0.6326422478968681,-1.199739933013916,-0.624674916267395,-0.800000011920929,0,1.958129083460248,0.0326212891466744,True
185,37.0,-1.364949260356739,-0.6340248355142145,-1.199739933013916,-0.624674916267395,-0.800000011920929,0,0.8175745659964612,0.25501603950611895,False
186,37.2,-1.4887123398560822,-0.6375533892250485,-1.199739933013916,-0.624674916267395,-0.800000011920929,0,0.5246074686030094,0.44549313199448803,False
187,37.4,-1.443990034920338,-0.641614909969081,-1.199739933013916,-0.624674916267395,0.0,2,0.6883622360387592,0.3776502823542231,False
188,37.6,-1.260649063714891,-0.6437825798847678,-1.199739933013916,-0.624674916267395,0.800000011920929,4,1.9394199781189456,0.10287787802728691,True
189,37.800000000000004,-1.4001251857248433,-0.6456480808137747,-1.199739933013916,-0.624674916267395,-0.800000011920929,0,0.7493922328241757,0.3117881640772669,False
190,38.0,-1.5149012390298315,-0.6495167401009901,-1.199739933013916,-0.624674916267395,-0.800000011920929,0,0.44066290698554594,0.48799605261530216,False
191,38.2,-1.4625139502573332,-0.653778213190365,-1.199739933013916,-0.624674916267395,0.0,2,0.6375208375415771,0.4094082484323235,False
192,38.400000000000006,-1.274021527649633,-0.6560413990155224,-1.199739933013916,-0.624674916267395,0.800000011920929,4,1.927867508570671,0.13385934855328988,True
193,38.6,-1.4092829791012782,-0.6579302276913247,-1.199739933013916,-0.624674916267395,-0.800000011920929,0,0.72754220812208,0.3307359289295943,False
194,38.800000000000004,-1.227981293808084,-0.6593593968328751,-1.199739933013916,-0.624674916267395,0.800000011920929,4,1.951688385439137,0.08847912797329481,True
195,39.0,-1.3691061838938698,-0.6605175727023532,-1.199739933013916,-0.624674916267395,-0.800000011920929,0,0.8061937754576659,0.2724655869508846,False
196,39.2,-1.4873592588736984,-0.6637298877187158,-1.199739933013916,-0.624674916267395,-0.800000011920929,0,0.5239706359088914,0.45092219366382535,False
197,39.400000000000006,-1.4382579477011168,-0.6674007921731694,-1.199739933013916,-0.624674916267395,0.0,2,0.6974532840297668,0.37903522364990083,False
198,39.6,-1.251022177343657,-0.6691184018446948,-1.199739933013916,-0.624674916267395,0.800000011920929,4,1.9394780769665405,0.1264070041822005,True
199,39.800000000000004,-1.3872330612679442,-0.6704807207995195,-1.199739933013916,-0.624674916267395,-0.800000011920929,0,0.769698348469241,0.3058844585318759,False
200,40.0,-1.5001998126622849,-0.6738122866591394,-1.199739933013916,-0.624674916267395,-0.800000011920929,0,0.4815767070877411,0.4749681035265181,False
201,40.2,-1.4466442694860444,-0.6775218470183433,-1.199739933013916,-0.624674916267395,0.0,2,0.6729119115221671,0.39759246022184885,False
202,40.400000000000006,-1.2562667636533238,-0.679217440257711,-1.199739933013916,-0.624674916267395,0.800000011920929,4,1.9330782824412216,0.1491764010555392,True
203,40.6,-1.389887249503816,-0.6805138978607519,-1.199739933013916,-0.624674916267395,-0.800000011920929,0,0.7609538172714526,0.3177637907517464,False
204,40.800000000000004,-1.2818181953073187,-0.6819437989563529,-1.199739933013916,-0.624674916267395,0.4000000059604645,3,1.9435832697813928,0.17928011211277828,True
205,41.0,-1.1101361340681724,-0.6811329497964248,-1.199739933013916,-0.624674916267395,0.800000011920929,4,1.9071744668642379,0.18639732121972302,True
206,41.2,-0.9469273188142007,-0.6776867938148174,-1.199739933013916,-0.624674916267395,0.800000011920929,4,0.617477762049233,0.4063915333749502,False
207,41.400000000000006,-1.0250122360531508,-0.6736137131602226,-1.199739933013916,-0.624674916267395,-0.4000000059604645,1,0.8227493940006485,0.28997757751020414,False
208,41.6,-1.1029741909453943,-0.670836509291221,-1.199739933013916,-0.624674916267395,-0.4000000059604645,1,1.9338766981411584,0.1807908032791111,True
209,41.800000000000004,-0.9418982503097616,-0.6674250123144372,-1.199739933013916,-0.624674916267395,0.800000011920929,4,0.6075022743408692,0.40789664827847594,False
210,42.0,-1.0219987531749508,-0.663418384064247,-1.199739933013916,-0.624674916267395,-0.4000000059604645,1,0.8203088215879655,0.2866817319423449,False
211,42.2,-1.102036311070672,-0.6607394848016901,-1.199739933013916,-0.624674916267395,-0.4000000059604645,1,1.9357969447127668,0.17034393379951668,True
212,42.400000000000006,-0.9429775906265824,-0.6574576189374306,-1.199739933013916,-0.624674916267395,0.800000011920929,4,0.6129969658776977,0.40168045661756324,False
213,42.6,-1.0250646910738646,-0.6536108577032861,-1.199739933013916,-0.624674916267395,-0.4000000059604645,1,0.8282295306253268,0.27631718265216326,False
214,42.800000000000004,-1.1851205938180187,-0.6517498369436451,-1.199739933013916,-0.624674916267395,-0.800000011920929,0,1.9563531074209142,0.06423289453289092,True
215,43.0,-1.3328756745929509,-0.65237330989403,-1.199739933013916,-0.624674916267395,-0.800000011920929,0,0.8650514346809012,0.21387287617542805,False
216,43.2,-1.4592120374166686,-0.6551766922628114,-1.199739933013916,-0.624674916267395,-0.800000011920929,0,0.6062118742485253,0.40490159803586695,False
217,43.400000000000006,-1.2709907589404503,-0.6573722293746502,-1.199739933013916,-0.624674916267395,0.800000011920929,4,1.9298695118522744,0.1315119303568487,True
218,43.6,-1.4064633040529986,-0.6591973759056627,-1.199739933013916,-0.624674916267395,-0.800000011920929,0,0.7333570850697518,0.32715791620904855,False
219,43.800000000000004,-1.2253138202864173,-0.6605671719374614,-1.199739933013916,-0.624674916267395,0.800000011920929,4,1.9521412089887185,0.08893668166444559,True
220,44.0,-1.366563145607517,-0.6616683240016614,-1.199739933013916,-0.624674916267395,-0.800000011920929,0,0.8103558129806631,0.26949558483795627,False
221,44.2,-1.485093721904645,-0.6648276314386176,-1.199739933013916,-0.624674916267395,-0.800000011920929,0,0.5304293633476421,0.4479819188409088,False
222,44.400000000000006,-1.4362598836691196,-0.6684508355013876,-1.199739933013916,-0.624674916267395,0.0,2,0.7020816537827308,0.37665597483758273,False
223,44.6,-1.24912870233395,-0.6701244256105405,-1.199739933013916,-0.624674916267395,0.800000011920929,4,1.9401580312705862,0.12638889902990566,True
224,44.800000000000004,-1.385419485716916,-0.6714443107491194,-1.199739933013916,-0.624674916267395,-0.800000011920929,0,0.7729140322649697,0.3039802287586298,False
225,45.0,-1.4985726641209782,-0.6747361682768507,-1.199739933013916,-0.624674916267395,-0.800000011920929,0,0.4863375420980867,0.473010847497402,False
226,45.2,-1.445193751875677,-0.6784096256685147,-1.199739933013916,-0.624674916267395,0.0,2,0.6763036036823924,0.39605135408818326,False
227,45.400000000000006,-1.25487387326533,-0.6800715219031874,-1.199739933013916,-0.624674916267395,0.800000011920929,4,1.933563566923119,0.14949637543151248,True
228,45.6,-1.3885350079146979,-0.6813351668166497,-1.199739933013916,-0.624674916267395,-0.800000011920929,0,0.763302668216527,0.31657108490015184,False
229,45.800000000000004,-1.28051148291047,-0.6827335894843023,-1.199739933013916,-0.624674916267395,0.4000000059604645,3,1.9443764693032992,0.1791298287688428,True
230,46.0,-1.4099276309064679,-0.6843385492494782,-1.199739933013916,-0.624674916267395,-0.800000011920929,0,0.7176508829644683,0.34949159756578196,False
231,46.2,-1.2981413906315873,-0.6860066534573834,-1.199739933013916,-0.624674916267395,0.4000000059604645,3,1.9265774429187794,0.2037000104357811,True
232,46.400000000000006,-1.1242587500371863,-0.6853842302931099,-1.199739933013916,-0.624674916267395,0.800000011920929,4,1.91759260069743,0.17800446136844444,True
233,46.6,-0.9599783227159099,-0.6820987962692202,-1.199739933013916,-0.624674916267395,0.800000011920929,4,0.6492677708689025,0.39031349278545013,False
234,46.800000000000004,-1.03720633129562,-0.6781708194259706,-1.199739933013916,-0.624674916267395,-0.4000000059604645,1,0.842550447411104,0.27687226907244084,False
235,47.0,-1.113910508001483,-0.6755199921757283,-1.199739933013916,-0.624674916267395,-0.4000000059604645,1,1.9427043341191548,0.17378860797749424,True
236,47.2,-0.9517616210628131,-0.6722133472153656,-1.199739933013916,-0.624674916267395,0.800000011920929,4,0.6319864886014983,0.3958612758060627,False
237,47.400000000000006,-1.0309470817309623,-0.6682957602593118,-1.199739933013916,-0.624674916267395,-0.4000000059604645,1,0.8350668539990427,0.2771837248265886,False
238,47.6,-1.1097749595209532,-0.6656878028494938,-1.199739933013916,-0.624674916267395,-0.4000000059604645,1,1.9420407908361537,0.1657200400061731,True
239,47.800000000000004,-0.9496371183190502,-0.6624568106224202,-1.199739933013916,-0.624674916267395,0.800000011920929,4,0.6293540052203439,0.393827291430881,False
240,48.0,-1.0307545114637384,-0.6586448960238888,-1.199739933013916,-0.624674916267395,-0.4000000059604645,1,0.8373166610773143,0.2707155394450681,False
241,48.2,-1.111471731406492,-0.6561718154956185,-1.199739933013916,-0.624674916267395,-0.4000000059604645,1,1.9460007204222358,0.1527740943981071,True
242,48.400000000000006,-1.2655545753466815,-0.6556121829705455,-1.199739933013916,-0.624674916267395,-0.800000011920929,0,1.9341365503035988,0.1223875857472362,True
243,48.6,-1.4021526432604445,-0.6573820067725685,-1.199739933013916,-0.624674916267395,-0.800000011920929,0,0.7429624606645598,0.31977381305197283,False
244,48.800000000000004,-1.514441404062186,-0.6611131310750713,-1.199739933013916,-0.624674916267395,-0.800000011920929,0,0.4397145653981025,0.49088073520360187,False
245,49.0,-1.4601033082401587,-0.6652036560071494,-1.199739933013916,-0.624674916267395,0.0,2,0.6413373541590922,0.4105594275459435,False
246,49.2,-1.2698947794235451,-0.6672695337205802,-1.199739933013916,-0.624674916267395,0.800000011920929,4,1.928100540846554,0.14355665503337578,True
247,49.400000000000006,-1.4037240816650791,-0.6689377142110436,-1.199739933013916,-0.624674916267395,-0.800000011920929,0,0.7365624497104406,0.32887556912809623,False
248,49.6,-1.5136498104886387,-0.6725273103369154,-1.199739933013916,-0.624674916267395,-0.800000011920929,0,0.43897983729916684,0.49450711298277883,False
249,49.800000000000004,-1.457463251020734,-0.6764447942993382,-1.199739933013916,-0.624674916267395,0.0,2,0.6448729511709713,0.41285028740367474,False
250,50.0,-1.2656032270346862,-0.678312623672223,-1.199739933013916,-0.624674916267395,0.800000011920929,4,1.9274665378031357,0.15644429793908102,True
251,50.2,-1.3980461963849997,-0.6797602622401892,-1.199739933013916,-0.624674916267395,-0.800000011920929,0,0.7447395534498117,0.3287285762640439,False
252,50.400000000000006,-1.288909424761719,-0.6813201805998794,-1.199739933013916,-0.624674916267395,0.4000000059604645,3,1.9375055568681394,0.18618476571270715,True
253,50.6,-1.1167413628327834,-0.6806253588629528,-1.199739933013916,-0.624674916267395,0.800000011920929,4,1.9133082042703542,0.17822397713947113,True
254,50.800000000000004,-0.9535356734554369,-0.6772901361529536,-1.199739933013916,-0.624674916267395,0.800000011920929,4,0.6347939478879966,0.39641142114036737,False
255,51.0,-1.0317165470404268,-0.6733282268232351,-1.199739933013916,-0.624674916267395,-0.4000000059604645,1,0.8348111521135043,0.28019737567607117,False
256,51.2,-1.1095387272566535,-0.6706604426437772,-1.199739933013916,-0.624674916267395,-0.4000000059604645,1,1.940323722997222,0.17233752443458825,True
257,51.400000000000006,-0.9484170865108822,-0.6673546411182429,-1.199739933013916,-0.624674916267395,0.800000011920929,4,0.6248062567280457,0.39811303343493715,False
258,51.6,-1.0285590824347526,-0.6634531768479812,-1.199739933013916,-0.624674916267395,-0.4000000059604645,1,0.8322187772164062,0.2770954360959208,False
259,51.800000000000004,-1.1084040752489062,-0.6608769101641029,-1.199739933013916,-0.624674916267395,-0.4000000059604645,1,1.9420307077375374,0.1619165393515691,True
260,52.0,-0.9492399675670099,-0.6576931725392795,-1.199739933013916,-0.624674916267395,0.800000011920929,4,0.6294846155041218,0.3923072653139531,False
261,52.2,-1.0313018881646236,-0.6539430690905662,-1.199739933013916,-0.624674916267395,-0.4000000059604645,1,0.8393062246529087,0.26717303212728444,False
262,52.400000000000006,-1.1910020210929262,-0.6521747226537569,-1.199739933013916,-0.624674916267395,-0.800000011920929,0,1.9569882713968358,0.06257178268946675,True
263,52.6,-1.3380068872263635,-0.6528807665864899,-1.199739933013916,-0.624674916267395,-0.800000011920929,0,0.8577018309052602,0.22176080495172856,False
264,52.800000000000004,-1.463346417985278,-0.6557515267516401,-1.199739933013916,-0.624674916267395,-0.800000011920929,0,0.5948286061819494,0.4113863147313444,False
265,53.0,-1.274357251227187,-0.657998695327767,-1.199739933013916,-0.624674916267395,0.800000011920929,4,1.9271695195769054,0.13660862413659114,True
266,53.2,-1.409211408903687,-0.6598646422967541,-1.199739933013916,-0.624674916267395,-0.800000011920929,0,0.7272406808663794,0.3316159034349482,False
267,53.400000000000006,-1.227559526348027,-0.6612652366315768,-1.199739933013916,-0.624674916267395,0.800000011920929,4,1.9513419410243356,0.09188796988904727,True
268,53.6,-1.3683881717347037,-0.6623899890503906,-1.199739933013916,-0.624674916267395,-0.800000011920929,0,0.8069814249257823,0.27265951899726204,False
269,53.800000000000004,-1.4864441424640733,-0.6655653668655795,-1.199739933013916,-0.624674916267395,-0.800000011920929,0,0.5262001038185683,0.4503459759966216,False
270,54.0,-1.4372032620776576,-0.6691972516660325,-1.199739933013916,-0.624674916267395,0.0,2,0.6995254941934644,0.37848847276715447,False
271,54.2,-1.2497930899900136,-0.6708739596432203,-1.199739933013916,-0.624674916267395,0.800000011920929,4,1.9395765488735965,0.1283345469036918,True
272,54.400000000000006,-1.385853783911932,-0.6721930482600124,-1.199739933013916,-0.624674916267395,-0.800000011920929,0,0.7718292082198709,0.3051799146917494,False
273,54.6,-1.4987886038174052,-0.6754805119810972,-1.199739933013916,-0.624674916267395,-0.800000011920929,0,0.4854057380285703,0.47372523938551747,False
274,54.800000000000004,-1.4452323424537097,-0.6791464609135621,-1.199739933013916,-0.624674916267395,0.0,2,0.6759293399771892,0.39660464789431876,False
275,55.0,-1.2547704494038503,-0.6807984390348204,-1.199739933013916,-0.624674916267395,0.800000011920929,4,1.933342666944553,0.15073992330886266,True
276,55.2,-1.3883129567696175,-0.682050207254383,-1.199739933013916,-0.624674916267395,-0.800000011920929,0,0.7634571305585126,0.31689365278150733,False
277,55.400000000000006,-1.2801896084092814,-0.683435206956552,-1.199739933013916,-0.624674916267395,0.4000000059604645,3,1.94436335516806,0.17991504555425125,True
278,55.6,-1.409526827140815,-0.685025442815366,-1.199739933013916,-0.624674916267395,-0.800000011920929,0,0.718242413409604,0.34950402686620496,False
279,55.800000000000004,-1.297676123095641,-0.6866779415736721,-1.199739933013916,-0.624674916267395,0.4000000059604645,3,1.9267669105499028,0.20417232293046353,True
280,56.0,-1.1237073560441142,-0.6860389391084917,-1.199739933013916,-0.624674916267395,0.800000011920929,4,1.9168813045729682,0.17966080256815622,True
281,56.2,-0.9593076615246379,-0.6827355096877865,-1.199739933013916,-0.624674916267395,0.800000011920929,4,0.6473366581035335,0.3917524456437361,False
282,56.400000000000006,-1.0364101313987437,-0.6787877374495532,-1.199739933013916,-0.624674916267395,-0.4000000059604645,1,0.8409699709783776,0.2785680757776493,False
283,56.6,-1.113019826701484,-0.676115606797473,-1.199739933013916,-0.624674916267395,-0.4000000059604645,1,1.9416934746481176,0.17569032256640119,True
284,56.800000000000004,-0.9507661234119922,-0.672786466958827,-1.199739933013916,-0.624674916267395,0.800000011920929,4,0.6292209621451246,0.3976779885285021,False
285,57.0,-1.0298358605933855,-0.6688447927945578,-1.199739933013916,-0.624674916267395,-0.4000000059604645,1,0.8329404550768277,0.27921255649997084,False
286,57.2,-1.1085901221461545,-0.6662115389268221,-1.199739933013916,-0.624674916267395,-0.4000000059604645,1,1.9407739395637422,0.16788252647745272,True
287,57.400000000000006,-0.9483644918805116,-0.6629544482050882,-1.199739933013916,-0.624674916267395,0.800000011920929,4,0.6259000192839047,0.39597648113185724,False
288,57.6,-1.0293799216807598,-0.6591150968062762,-1.199739933013916,-0.624674916267395,-0.4000000059604645,1,0.8347765600750081,0.27303809150410524,False
289,57.800000000000004,-1.110047255773365,-0.6566137117135682,-1.199739933013916,-0.624674916267395,-0.4000000059604645,1,1.944583814832157,0.15517201980818282,True
290,58.0,-0.9517063150337576,-0.6535167355046149,-1.199739933013916,-0.624674916267395,0.800000011920929,4,0.6367801207086377,0.38693535701619086,False
291,58.2,-0.954330919322759,-0.6492263724284631,-1.199739933013916,-0.624674916267395,0.0,2,0.6843156627040544,0.38147401310621226,False
292,58.400000000000006,-0.9578581181112186,-0.6450395030735239,-1.199739933013916,-0.624674916267395,0.0,2,0.6939155550924605,0.37486750278031317,False
293,58.6,-0.962276495168079,-0.6409690782221499,-1.199739933013916,-0.624674916267395,0.0,2,0.7054596303361673,0.3671184068405754,False
294,58.800000000000004,-0.9675677527762826,-0.6370276488039117,-1.199739933013916,-0.624674916267395,0.0,2,0.7187893880175816,0.3582412266812568,False
295,59.0,-0.9737058796211742,-0.6332272547984492,-1.199739933013916,-0.624674916267395,0.0,2,0.7337091374995568,0.34826365323029584,False
296,59.2,-1.0605317255672357,-0.6302166446221554,-1.199739933013916,-0.624674916267395,-0.4000000059604645,1,0.888985827430641,0.2145202465860934,False
297,59.400000000000006,-1.223192825199794,-0.6292417432439686,-1.199739933013916,-0.624674916267395,-0.800000011920929,0,1.957063801514885,0.03748142993062955,True
298,59.6,-1.370493890777878,-0.6307571016494654,-1.199739933013916,-0.624674916267395,-0.800000011920929,0,0.8080491384141183,0.2630458684964471,False
299,59.800000000000004,-1.4937798945650766,-0.6344119627229924,-1.199739933013916,-0.624674916267395,-0.800000011920929,0,0.5094689531285737,0.4528863713165955,False
300,60.0,-1.303591725308648,-0.6374006197653365,-1.199739933013916,-0.624674916267395,0.800000011920929,4,1.9032806011753114,0.16225538305234377,True
